id,name,name_encoded,embedding
212,Tor,313,"[-0.35407454  0.3598881   0.34813613 -0.3355476  -0.26574516  0.24425769
 -0.27818155  0.39491066 -0.33739528 -0.261877  ]"
91,cryptomining,365,"[-0.33171546  0.22584687 -0.3087952   0.38255364 -0.3042591  -0.30831614
 -0.26549447  0.30108243  0.3117916  -0.3476285 ]"
94,CannabisCollective,40,"[-0.11953159 -0.3099547  -0.37801704  0.315281   -0.27062815 -0.33249345
 -0.21453597 -0.04286763  0.33675218  0.36742333]"
100,DNMSourcing,76,"[-0.28580028  0.33507183 -0.34908584  0.2166574   0.14612502 -0.34587854
  0.3794175   0.23189767 -0.3085282   0.3191298 ]"
9,murderhomelesspeople,407,"[-0.39018354 -0.2822243   0.3670087   0.229632   -0.29068965 -0.26859885
  0.30531162 -0.3626024   0.34976768  0.3659501 ]"
14,DarkDotFail,94,"[ 0.32672194 -0.37583086  0.19796444 -0.30255812  0.34016037  0.30714953
  0.30991566 -0.08920889  0.23758908 -0.3318173 ]"
171,LawEnforcement,198,"[ 0.21359879 -0.3242257   0.36685702  0.34658828  0.307235    0.21668242
  0.264502    0.01042632  0.06703602 -0.36696434]"
105,NovelDissos,230,"[-0.1948987  -0.27665722 -0.3145139   0.0208054   0.3601845   0.00228896
 -0.2750424   0.3822611  -0.06004325  0.29736137]"
395,XTC,344,"[-0.32743803  0.34644628  0.34496567  0.3716932  -0.12840588  0.31022292
 -0.2823313   0.22245836 -0.3596364   0.28679618]"
23,GrowCannabis,163,"[-0.3871666   0.38710034  0.33993036 -0.2787726  -0.3103267  -0.35701326
  0.35818017  0.06703637  0.29457036 -0.35818148]"
21,fraud,383,"[ 0.16135406 -0.296383    0.38608122  0.2739073  -0.3495463   0.11565446
  0.30197665 -0.32139492 -0.3749538   0.38724813]"
172,BugBounty,31,"[ 0.16078016 -0.37210336 -0.38603243  0.2592761  -0.3532765  -0.38878155
  0.31077227  0.30699763 -0.3572902   0.31027395]"
30,CodeineCowboys,50,"[-0.3877277   0.2780564  -0.32780457  0.14148465  0.3028289   0.10462506
  0.08517158 -0.32291985  0.28864142  0.31668878]"
175,Masterlist,211,"[ 0.24756928  0.31670246  0.32279575  0.28456074  0.35480472 -0.2945175
  0.37071267  0.335617    0.31038883  0.31870338]"
267,zeronet,444,"[ 0.16387166  0.3122248  -0.31057307  0.33421698  0.08727571 -0.37816703
  0.12636404  0.39520454 -0.23652633 -0.1921807 ]"
28,DarkNetMarketsNO,104,"[ 0.37096694  0.38020948 -0.17225961  0.3394122   0.37005898 -0.30645162
  0.3264504  -0.2918926   0.10635625 -0.24394026]"
156,Videos,335,"[ 0.33558428  0.30787116 -0.31622097 -0.28537714 -0.23445976  0.34457275
  0.27910647 -0.25002736 -0.40461358  0.30717495]"
178,Theft,311,"[-0.2073465   0.27391478 -0.32222888  0.14180987 -0.30119476  0.35116354
 -0.3079672  -0.3032378   0.32925564 -0.25874573]"
195,BTC,18,"[-0.30354205 -0.22303514 -0.18615763 -0.06157394 -0.3154896   0.37027258
 -0.09575605 -0.36140844 -0.27814534  0.29634586]"
362,DankReviewz,89,"[-0.29103434  0.34608823  0.36760515  0.04808692  0.2682636   0.18655132
 -0.13192049 -0.1850962  -0.16551451  0.14272796]"
244,mxe,410,"[-0.317082   -0.30123866 -0.31969553  0.02402997 -0.31645498 -0.34788722
  0.03566508 -0.14865674  0.22104757  0.00202309]"
361,USAConnect,322,"[-0.29810745  0.33751148 -0.38706577 -0.14613509 -0.3282212   0.26401338
  0.3099528  -0.33670577  0.34044412 -0.01092664]"
179,I2P,179,"[-0.14190459 -0.31623814  0.258826   -0.23646018  0.3428514   0.37181413
  0.31771466 -0.34230086 -0.36374342 -0.19649646]"
42,DarkMarketsBrasil,95,"[-0.18958609  0.36725345 -0.37311706  0.06562827 -0.30780762 -0.27488315
 -0.11017767 -0.27342984  0.31044248 -0.37854287]"
180,DarkNetMarketBusts,101,"[ 0.25507152 -0.16829811  0.24817677 -0.34605128 -0.27257353  0.33497995
  0.31605664 -0.33656728  0.29653195  0.31046906]"
62,Hashish,170,"[ 0.3225737  -0.23501012  0.33511811 -0.30009636  0.02787736 -0.32041454
 -0.30925363 -0.3407765   0.3178219  -0.3308816 ]"
43,DNMBrasil,67,"[ 0.29892728  0.15192948  0.21790841 -0.05173398 -0.29151368 -0.3054193
 -0.3080678   0.3109953   0.27842242 -0.3794263 ]"
59,OpenBazaar,240,"[-0.29574525 -0.27350947  0.32432783 -0.19143902  0.29035026 -0.3415043
  0.34742814 -0.36463225 -0.32920298  0.37150684]"
45,DeutschClub,118,"[ 0.3297971   0.25037724 -0.19709952 -0.3664725   0.26225835  0.39892825
  0.320456   -0.25344092  0.36317438 -0.23194547]"
242,XannyFamily,347,"[-0.3095508   0.24055879 -0.22264527 -0.22341555  0.10421514  0.09010381
  0.3164527   0.35006878 -0.32626677  0.38448936]"
247,hardwareinfosec,394,"[ 0.3121019   0.30269274  0.3407554  -0.17833804  0.28084895  0.3809073
  0.3553534   0.14062512  0.29793358  0.23035367]"
248,DreamMarketScam,126,"[-0.32269627 -0.33874822 -0.28985113  0.29816267 -0.3134505   0.32191047
 -0.33389765 -0.38424093 -0.28260198  0.30288926]"
367,DNMGreece,70,"[-0.05637885  0.32980895 -0.3578046   0.39224157 -0.34404767 -0.4024223
 -0.10969491 -0.34531754  0.14420465  0.20723228]"
366,TheCardersBay,302,"[-0.30478707  0.06444377 -0.29018858 -0.33640543  0.14495122 -0.37920505
 -0.22208513  0.33169243 -0.34144697 -0.2941976 ]"
368,Legal,200,"[ 0.3043276  -0.04069813  0.36806622 -0.34038666 -0.3429291  -0.2840721
 -0.3242017   0.26415426  0.2936703   0.32699862]"
249,HeinekenExpress,172,"[-0.31514847 -0.3897739   0.30907837  0.34123254 -0.3859454  -0.3807565
  0.32822508 -0.34414247  0.36523026  0.32851243]"
250,SafeOrScam,272,"[ 0.39152336 -0.00924291 -0.38621566  0.24074818  0.12541528  0.28712592
  0.31497505 -0.17293625 -0.27047864 -0.3625374 ]"
74,Shrooms,280,"[-0.33546    -0.27366772 -0.22824265  0.340472    0.25193232  0.27163193
  0.37056112 -0.29809302  0.3288312  -0.39373192]"
251,Gambling,154,"[ 0.31352776  0.29912513 -0.05057047 -0.33129066  0.27651677  0.39495462
  0.39166972 -0.34177315  0.2726941  -0.2880872 ]"
369,DankVault,90,"[-0.30919695  0.33630696 -0.35610005 -0.2599304   0.35961047 -0.2646364
 -0.2525686   0.30583817  0.3500323  -0.17541358]"
252,EOLShrooms,137,"[ 0.3699884   0.02595796  0.3923304  -0.09676132  0.30050927  0.38998502
 -0.37881324 -0.20506355 -0.3300576  -0.31813914]"
47,Laundromat,197,"[-0.08031645  0.27410373  0.24628825 -0.36164346 -0.35004932  0.19734271
  0.17081963  0.323579    0.09115054  0.3624195 ]"
86,DarknetPortugal,114,"[ 0.3410669  -0.3115931  -0.39931694 -0.36944705  0.06388868  0.26664054
 -0.36697593 -0.20275274 -0.30826125 -0.27597278]"
90,aerospace,348,"[-0.2767903  -0.29117495 -0.2575741  -0.30710477  0.29094297  0.3408115
  0.25832507  0.37777156 -0.31635264  0.2260484 ]"
370,MDMAConnosoursClub,207,"[-0.31707722  0.34151438 -0.10080905 -0.11859486  0.34045333  0.30731776
  0.28696755 -0.35722318 -0.38673687 -0.35415885]"
371,HashHQ,169,"[ 0.2993344   0.35186964 -0.27040154  0.26443565  0.32668048  0.3700709
 -0.32495275  0.31784922 -0.34375522 -0.13779338]"
93,Diazepines,119,"[-0.32039693 -0.0142963   0.29345408  0.28010637  0.2911117  -0.3415466
  0.34881395 -0.02011257 -0.3156286  -0.38932455]"
101,DNMAds,65,"[-0.23120807  0.25513944 -0.29786602  0.34847486 -0.34939942 -0.35289162
 -0.0799869  -0.37937444 -0.3291769  -0.27106196]"
48,CryptoATMs,57,"[ 0.16651188  0.39565843  0.04101519  0.21711159 -0.38075277 -0.35385096
 -0.332875    0.34942132  0.07707413 -0.26100546]"
97,Kratom,195,"[-0.24975769 -0.35071424  0.09132266 -0.2518162  -0.08804449 -0.30579272
  0.2053193   0.04193036  0.34597808 -0.31510648]"
109,FreeSamples,150,"[-0.37729174  0.3628682  -0.05519573 -0.22230203 -0.31334686 -0.08386061
  0.09364116 -0.3312417   0.28779912 -0.35926467]"
107,DrugScience,130,"[ 0.30726287  0.03817062 -0.30373707  0.35656118 -0.3275795  -0.37943447
  0.15600511 -0.16241385  0.3414543   0.293512  ]"
106,2CB,0,"[-0.34711233  0.22907193 -0.18924649 -0.17033584  0.32288903  0.30988076
  0.33612257 -0.35779974  0.32694155 -0.37802416]"
108,SubAnnouncements,292,"[ 0.3020046   0.3723089  -0.1460366   0.39767653 -0.26531023 -0.36794692
 -0.03076881 -0.23399378 -0.29030642  0.33678237]"
232,nitrous,414,"[-0.34210905  0.3305387   0.24392425  0.22299364 -0.36585328 -0.03556593
 -0.3518928   0.3184483   0.34195542  0.36763027]"
115,Xan,345,"[-0.31960052  0.32667875 -0.3058135  -0.11324427 -0.39013913  0.2899622
 -0.3367078   0.2705483   0.35308528 -0.27381524]"
73,Crypto,56,"[-0.30121145 -0.36305296  0.2961452   0.34262908  0.3400738  -0.37680072
  0.3522204  -0.33291385 -0.30489647  0.28575647]"
120,Shoplifting,279,"[-0.36604914  0.07166503  0.378863    0.03759141  0.02779275  0.30145836
 -0.38825628  0.11281519 -0.3158166  -0.21119677]"
129,privacy,419,"[ 0.31071162 -0.01955284 -0.34548405 -0.2855458   0.28676552  0.29971522
 -0.06604571  0.2593787  -0.3561454   0.25420624]"
364,GirlPower,160,"[-0.19518949 -0.34014055  0.21610965 -0.22489813  0.24737407 -0.20909305
  0.25963515 -0.3232436   0.09637377 -0.3446671 ]"
307,VendyMcVendface,333,"[ 0.34484887  0.30519888  0.31396362  0.07538253  0.36941218 -0.30945408
  0.28379458 -0.29284903  0.32173562 -0.05498131]"
343,SubOfShame,293,"[-0.33294085  0.32793143 -0.37295386 -0.27557784  0.34013203 -0.28069344
  0.36517942  0.34110567 -0.32929814  0.31496763]"
404,operamarket,418,"[ 0.32673258  0.27022445  0.29372397 -0.35097712  0.18587779 -0.330917
 -0.24651484 -0.35855615 -0.3995399   0.29580188]"
405,CrownedVendors,55,"[-0.37275892 -0.37993202  0.29241043  0.37827182  0.34654737 -0.25014248
  0.26105338  0.2613837   0.3206123  -0.17665541]"
406,Nirvana,229,"[ 0.37274668  0.2973549  -0.01882192  0.38960606 -0.30312428 -0.33612418
 -0.31145066 -0.29431206  0.23763444  0.29255018]"
408,stickykitty,427,"[-0.30704448  0.3280764  -0.3451684  -0.05714136 -0.22886363  0.34588626
 -0.11527134  0.31946012 -0.37676892  0.20681995]"
407,CalSource,36,"[ 0.12385782 -0.3556149   0.31561023 -0.2946853   0.35621086  0.26264942
  0.06295287 -0.27132258 -0.32191274  0.2910436 ]"
409,DarknetCzechRepublic,107,"[ 0.27860126 -0.12038843  0.20894407  0.32315096  0.38841203 -0.39773405
  0.30441457 -0.31705123 -0.20000131 -0.3262756 ]"
410,GGWP,152,"[ 0.3296128   0.27966547  0.35598543  0.3415334   0.34395286  0.18907747
  0.1120866  -0.0653128  -0.18948846  0.27145898]"
411,HermesHiddenServices,173,"[-0.3625801  -0.32094386  0.27765235  0.2989579   0.3076399   0.29702377
 -0.17495695  0.38192475 -0.32069474 -0.13904652]"
412,NGM,224,"[-0.02137971  0.31195843 -0.23104106  0.24549447 -0.31008688 -0.27186272
 -0.15301177 -0.3357366  -0.36512876  0.24547988]"
413,VendorShops,329,"[ 0.33060858  0.32691044  0.3228317  -0.36712036 -0.17960705 -0.32163018
  0.39219153  0.28767902 -0.3094536  -0.3338266 ]"
414,HHShop7,165,"[-0.319246   -0.38223916 -0.37417677  0.21796916 -0.3359823  -0.07977049
  0.29974535 -0.34572536  0.32681626  0.3068698 ]"
155,Blunts,27,"[ 0.31345767  0.30842248  0.33955804 -0.3279743   0.2176263   0.11111241
 -0.01502324  0.33774433  0.36686262  0.32233503]"
214,DDWPHISHING,62,"[-0.23538196  0.06416592  0.32115585 -0.16868283  0.39096966  0.33068475
 -0.3744445  -0.29359424  0.38141286  0.05355166]"
230,CorporationCashOut,52,"[ 0.3573106   0.2462258   0.39258838 -0.40307143  0.22626598  0.31777263
 -0.29150254  0.39878696 -0.30769274  0.3046268 ]"
207,FinanceHackers,147,"[-0.24798182 -0.3625494  -0.2482978  -0.09541946 -0.29260254 -0.31412673
  0.34848875  0.09966011  0.3773856   0.3192087 ]"
229,EU_Weed,138,"[-0.39896274 -0.36660814  0.2758495   0.20072827  0.35835853  0.31649885
  0.31408688  0.33347827  0.23971228  0.23268867]"
208,dankvip,369,"[-0.3880482  -0.32523605  0.30689293  0.02041491 -0.2766826  -0.35148108
  0.3182263  -0.39062876  0.3621363   0.136123  ]"
205,cocacolacompany,359,"[ 0.31333598  0.31397122  0.33065006 -0.36243114  0.27720106  0.3241936
 -0.11747274  0.34739655 -0.36890048  0.3425077 ]"
266,TripSmart,318,"[-0.13579877 -0.05995306 -0.2668392  -0.33103198 -0.3189772   0.34202212
  0.29518595  0.00256936 -0.36297172  0.31612605]"
262,Genesis,158,"[-0.17878628  0.362631   -0.19159283  0.3441307   0.31772065  0.3333672
 -0.27677792 -0.28459847 -0.23176813  0.04376613]"
268,DNWikipedia,86,"[ 0.34599814  0.25893718 -0.3741113   0.17072728  0.18095654  0.37701762
  0.31066853  0.29774165 -0.02008563 -0.38860732]"
264,BlackBox,24,"[-0.40078583 -0.32488385 -0.304044    0.37048626  0.3181283   0.16416636
 -0.35956612  0.3818599  -0.38662106 -0.34229928]"
269,TorrentShare,314,"[ 0.35212734 -0.29645035  0.2917252  -0.37635273  0.21257654 -0.00310315
 -0.38747647 -0.36682445  0.31236553 -0.32890117]"
263,AskDread,15,"[ 0.3686275  -0.32550853  0.1773376  -0.32287648  0.3242363   0.2990519
  0.28623402  0.25340134 -0.33500654  0.27402452]"
271,PushingTrees,262,"[ 0.2899485   0.03809236  0.36915663  0.36811858 -0.34688058  0.33018005
 -0.27809748 -0.28984025 -0.10302937  0.2978135 ]"
272,leary,402,"[-0.33295366  0.3297994  -0.35896555  0.4061578   0.3211135   0.03960891
  0.33782253 -0.3248447   0.29495645 -0.31886685]"
261,WikiDrugs,340,"[ 0.3640691  -0.35127008  0.18678947  0.31792033 -0.39543536  0.3871511
  0.29409844  0.35069296  0.04370313  0.2875489 ]"
294,AngelPharm,7,"[ 0.3312305  -0.2795027   0.01946676 -0.21083108  0.31647927 -0.33599842
 -0.30709633 -0.30421627  0.34696108  0.29299062]"
275,Onions,238,"[ 0.2815092  -0.3145269  -0.09932152 -0.11909365 -0.35115033 -0.336376
 -0.35184872  0.27071172 -0.35614577 -0.16084489]"
29,Xanax,346,"[-0.25602818 -0.3192866  -0.0151007  -0.28580096 -0.3158295   0.33404815
 -0.04763241  0.28884828 -0.30092832 -0.34031776]"
295,Strike,290,"[-0.3197875   0.3433872  -0.3249597   0.3011326   0.3406606  -0.25152242
 -0.0577231  -0.38222644  0.03039648 -0.32403928]"
296,Blackhat,25,"[-0.38665283  0.14490965 -0.34120488  0.08132455  0.31424555 -0.3152238
 -0.27946025 -0.40735656  0.3076482  -0.12638748]"
309,trippy,436,"[-0.30255997 -0.3809913   0.33512065  0.36191165 -0.35768494  0.35312524
 -0.25015143  0.38882503 -0.27856943  0.17968109]"
24,DarknetMarketsNoobs,111,"[-0.2499141  -0.3113205   0.39092702  0.31372574 -0.310255   -0.33415523
 -0.20103677  0.37639645  0.33097365  0.32418132]"
31,DarknetMarketsIndia,109,"[-0.25739163 -0.40135947 -0.28884557 -0.32576162 -0.38114953  0.30117217
 -0.33826137  0.3493936   0.28219888  0.2808221 ]"
40,DNMUS,80,"[ 0.31479368  0.305926   -0.20035899 -0.28892326  0.3621227  -0.01975417
  0.35674465  0.29755506  0.28759184  0.10957429]"
27,DrugManufacture,127,"[ 0.35171786 -0.3171346  -0.32582828 -0.3489769  -0.37179157  0.29598215
  0.0918657   0.28450897  0.2779329  -0.37120906]"
231,NightMareMarket,228,"[ 0.33998385  0.30034506  0.15447539 -0.11227642  0.3434532  -0.338112
  0.14680387  0.35084647 -0.05946672 -0.17804992]"
300,onionshop,416,"[ 0.04944846 -0.3451446   0.22037114  0.35205683 -0.3631483  -0.2500412
 -0.3238914   0.3318922   0.37672946  0.31290302]"
52,testcommunity,430,"[ 0.29366878  0.26709715  0.10486243 -0.26248845  0.3641712  -0.27187917
  0.12635739  0.3731043  -0.32824558 -0.33803818]"
132,ProfitableExsploit,257,"[-0.3324838   0.33150208 -0.20343019  0.31838012 -0.3312144   0.39169663
 -0.34241012 -0.06874225  0.15645003 -0.26053506]"
26,CGMC,34,"[ 0.307368   -0.31354827  0.24427174 -0.35136724 -0.25732934  0.03114857
 -0.31411126 -0.33795747  0.20177862  0.39570403]"
33,chemmindful,356,"[-2.9774547e-01 -3.1078660e-01  3.2606670e-01 -1.0701080e-04
 -3.1301302e-01  3.3118376e-01  2.9236120e-01 -2.6762694e-01
  2.9816601e-01  3.2523370e-01]"
34,hacking,392,"[ 0.38746715  0.3126199  -0.30540887 -0.37645322  0.2627554   0.29123604
  0.29404017  0.30950892 -0.39030698  0.25798142]"
36,malware,403,"[-0.3013155   0.3753449  -0.2780588   0.28538635  0.24924468  0.14648691
 -0.2676529  -0.07385454 -0.03835332  0.28678042]"
37,SteadySupplies,287,"[ 0.31608155 -0.39749146 -0.294142    0.3199053  -0.35222027  0.27854043
 -0.27355838 -0.14575283  0.3852571   0.34801623]"
54,rcsources,422,"[-0.16076046 -0.32594484  0.28635877 -0.30848587 -0.34433615  0.06094893
  0.09412084  0.34932452 -0.37922543  0.20638375]"
233,ogXC,415,"[ 0.35479793 -0.36166155  0.29858866 -0.2986603  -0.30848667  0.27945006
  0.31141722 -0.291245    0.2694812  -0.32873678]"
305,OnionOps,236,"[ 0.26998392 -0.35747388  0.0663358   0.05058712  0.33664307 -0.31581938
  0.31914005 -0.00499786 -0.33439803 -0.3952543 ]"
234,Chat,46,"[ 0.01519154 -0.14215177 -0.25484526  0.26546362 -0.33126366 -0.31055197
  0.3623759   0.03194391  0.33942047  0.19759892]"
316,encrypted,380,"[-0.39765185 -0.2611442   0.25601467  0.30726215 -0.30293366 -0.13038859
 -0.31589115  0.32291704  0.3326916   0.27447084]"
78,Music,223,"[ 0.16301784 -0.2923454  -0.39592308  0.3258261  -0.37815377 -0.25007394
  0.39261517  0.29245916  0.40796784  0.29812193]"
257,EnergyControl,141,"[-0.3162183   0.3172644   0.3921017   0.34322065 -0.30333912 -0.36444318
  0.34620985 -0.30259603 -0.25366098 -0.31716296]"
287,Israel,188,"[ 0.3733732   0.3437569   0.37280488 -0.35220894  0.01016858  0.03803441
 -0.29614446 -0.32168454 -0.3750133   0.27616796]"
279,TBK,297,"[-0.23581015 -0.28152722  0.36680704  0.32735938 -0.31273726  0.35741258
  0.00980088  0.3905792   0.33056375  0.34346592]"
288,MarketsUruguay,210,"[-0.2946078  -0.3487413  -0.31259984  0.31908497 -0.34539437  0.10831876
 -0.36489195  0.3632988   0.30238137 -0.36667663]"
289,Antiochus,11,"[ 0.2611565   0.27463531 -0.26631016 -0.34604886  0.06455462 -0.06023198
  0.31428766 -0.3284034   0.31858173 -0.327411  ]"
283,escorts,381,"[ 0.30982283 -0.30920768 -0.30926538  0.27255905 -0.13354814  0.33956975
 -0.34129363 -0.2935763   0.2937642   0.32404655]"
445,Halbermensch,166,"[ 0.22416234  0.19634274 -0.28929543  0.3812274   0.29935488 -0.2777278
 -0.32164958 -0.19857374 -0.19376038 -0.15694569]"
443,ugextracts,438,"[-0.3057092  -0.28947836  0.17668824  0.3044932  -0.34631348  0.13835928
 -0.35880563 -0.18291606  0.32969233  0.18274264]"
284,DrugPics,128,"[ 0.28482965  0.38086307 -0.02883179  0.3595278   0.09198494 -0.3516915
  0.29754603 -0.29814255 -0.2644436  -0.36222768]"
285,UKCocaineReviews,321,"[-0.29206535 -0.3494679  -0.39054972  0.39097273  0.30889136  0.30465144
  0.23400174  0.23647067  0.33570212  0.3413072 ]"
446,Halbmensch,167,"[ 0.22346693 -0.0054165   0.32801858  0.17422219  0.14774652 -0.30780193
 -0.3220888  -0.16336341 -0.18320994 -0.32958093]"
286,HashishMaster,171,"[-0.39311767  0.29198873 -0.30201638 -0.31895477  0.3339945  -0.384136
  0.3578627  -0.28355256 -0.33222353  0.2315184 ]"
255,ReagentTesting,267,"[-0.36527562 -0.34526002 -0.35957915  0.30462494 -0.18721922  0.32995152
  0.3364029  -0.31014636 -0.35018897 -0.07281187]"
256,DNMRussia,74,"[-0.35408744  0.38603935  0.3813857   0.18893825  0.2244604   0.35053095
  0.08123154  0.36000514 -0.06692721 -0.3177307 ]"
281,CivilDisobedience,48,"[-0.3499413   0.32018164 -0.30756167 -0.39549416 -0.33053893  0.34220192
  0.23952143 -0.36194625 -0.14060715  0.35464913]"
444,cloneTeam,358,"[ 0.3920364  -0.33278438  0.36470416  0.32285744  0.09504177  0.408271
  0.32145405  0.22452806  0.34711087 -0.12296582]"
84,Benzos,20,"[ 0.35871378  0.33030745 -0.2779731   0.35910335 -0.34140962 -0.33956107
 -0.27127704 -0.2559459   0.35634598 -0.23180388]"
312,PillChills,250,"[ 0.35637873  0.3725265   0.25777075  0.3167796   0.3354919   0.34237382
  0.3293485  -0.29986733  0.18116958 -0.24305157]"
282,hookers,397,"[-0.36218703  0.30922845  0.29836994  0.31363818  0.22532623 -0.32885706
 -0.3674847   0.34084627  0.24885549  0.30424085]"
58,EUrcsources,139,"[-0.33633035  0.25587383 -0.28031576 -0.31283236  0.23059896 -0.26562572
 -0.0737201   0.37493268  0.03443344 -0.34372044]"
55,CaliKindness,37,"[-0.08614572  0.35072654  0.29475075  0.2076742   0.3364342   0.04226446
 -0.39095962  0.32350716  0.3469273   0.2945571 ]"
71,OlympusMarket,234,"[-0.3733315   0.3529137   0.31660163  0.39421514  0.16823478  0.29648408
 -0.30507734 -0.3307557   0.22649437  0.33710396]"
85,Portugal,254,"[ 0.30437782  0.265888   -0.1154816   0.28176135  0.2811991  -0.3225579
 -0.38250127 -0.37651137  0.3200114  -0.14732793]"
235,AnythingGoes,12,"[-0.31624526 -0.35830703 -0.07304703 -0.2765      0.28804576 -0.18613648
 -0.33474988  0.33968604  0.32768044 -0.03343134]"
98,Phenibut,248,"[ 0.33565098  0.3097632   0.03000408  0.12674153 -0.3230941   0.03968168
 -0.20350675 -0.3697707  -0.29716554 -0.38499722]"
200,newmarkets,412,"[ 0.2663848  -0.3390794  -0.22161618 -0.33326715  0.37194753  0.3139772
  0.33180568 -0.37061018  0.02548993  0.11288504]"
258,Meth,216,"[ 0.2718593  -0.31208465 -0.3069978  -0.28299206 -0.31274524 -0.36293575
 -0.33613878 -0.34147474  0.24305801 -0.32348245]"
259,THClear1,299,"[-0.34467557  0.25653693  0.30771708 -0.12385924 -0.03889078  0.21672194
  0.33846942 -0.32997346 -0.25549507  0.15468976]"
260,GammaGoblin,155,"[-0.20553157  0.25449044 -0.07253616 -0.30763564  0.30642477 -0.15722138
  0.29246563  0.2891152  -0.26525366 -0.32094514]"
277,Quickcoke,263,"[-0.3364623  -0.28126994 -0.12858237  0.30633372 -0.21560925  0.1263013
 -0.36164647 -0.3972102  -0.30451155 -0.11647496]"
99,sexworkers,424,"[ 0.40301162  0.20777258 -0.02572034  0.30304605 -0.3134065  -0.11766109
  0.12454817  0.32077625 -0.09226722  0.10311315]"
278,OnionParty,237,"[ 0.30530906  0.38540927 -0.29542118 -0.3702586  -0.17679092  0.20273086
 -0.38767964 -0.05642617  0.26778036 -0.28918582]"
280,DNMMods19,72,"[-0.28934264 -0.32539773  0.35777667  0.35251677  0.30712062 -0.2787039
 -0.09143271 -0.37410396 -0.34138435 -0.28252536]"
378,Pelican,246,"[-0.33463383  0.27347165 -0.35363963  0.32173955 -0.3906729   0.27151686
  0.38071248  0.39057514 -0.2835561   0.14426231]"
17,DarkNetAustralia,98,"[ 0.24858834 -0.31531036  0.30300605  0.37651932  0.34088466 -0.23435949
 -0.3531543  -0.04074518 -0.1362204  -0.26718378]"
426,GreenFlagged,161,"[ 0.31197998 -0.30896962 -0.38072783 -0.3684274  -0.38883597 -0.29044452
 -0.32426736 -0.3738822   0.27655536  0.4007017 ]"
102,Torrenting,315,"[-0.36093196 -0.31635717  0.20301743  0.29782832 -0.3548358  -0.36312613
 -0.31339794  0.2838112   0.29750246  0.3536179 ]"
211,bbb,352,"[-0.29382294  0.31585383  0.33991718  0.31188667  0.37862343 -0.2989611
 -0.31614044  0.19129618  0.24474414  0.12908643]"
150,Adderall,2,"[ 0.26984733 -0.38415825  0.29980198  0.13892308 -0.3028279   0.3597993
  0.38718277  0.3762852  -0.28588143 -0.3217724 ]"
213,ausfreeclassifieds,351,"[-0.25551128 -0.35987207 -0.2759324   0.2737198  -0.28912833 -0.319421
 -0.33624917 -0.39750344 -0.0130962   0.3602586 ]"
223,Counterfeiting,54,"[ 0.33103    -0.31902814  0.3529505   0.19136466  0.36440703  0.31120336
  0.30548298 -0.37317055  0.29989335 -0.37560427]"
298,alternatives,349,"[-0.3042771   0.08667243  0.36275902  0.33744138 -0.33584324 -0.3507311
  0.33433658 -0.21698916 -0.39531365 -0.2522379 ]"
365,Italy,189,"[-0.27416205 -0.22978503  0.30139792  0.15373154 -0.2919899  -0.3729728
  0.2737131  -0.31856337  0.30177253 -0.16862458]"
315,TheGoodSpeedGuide,305,"[ 0.24437341 -0.0122292  -0.3778787   0.0468323   0.27333656 -0.30879992
  0.3119543  -0.26808837 -0.36673748 -0.38518545]"
87,drugdealing,377,"[ 0.35919112  0.23889478  0.30837825 -0.311883    0.3189229  -0.3854102
 -0.21606392  0.3197169  -0.28445238  0.09473523]"
96,DarknetmarketsOZ,115,"[ 0.38230076  0.28238866  0.28758907 -0.28396487 -0.3621239   0.14667588
  0.1430971  -0.37121552 -0.33411646  0.37105817]"
310,VendorTalk,330,"[-0.33187464 -0.35660437  0.26294938  0.30866668  0.18989044  0.3114167
 -0.33732337 -0.39390326 -0.32970926 -0.30752218]"
80,Mdma,212,"[-0.31908685  0.37930557  0.32397717 -0.26538956  0.15627141  0.23292066
 -0.32786232 -0.2540118  -0.34170544  0.34264493]"
387,DNMJOKES,71,"[-0.30012193 -0.3024049   0.33814555 -0.29671162 -0.37668842 -0.35976762
  0.09661932  0.3118733   0.35947716 -0.29716387]"
377,giveaways,388,"[ 0.35220364 -0.32652688  0.20527576  0.39394087  0.3558771   0.33842456
 -0.32004476 -0.28128102  0.23896113  0.36662096]"
388,TheOutfit,308,"[-0.30900663  0.1230543  -0.2239345  -0.33311525  0.28883982 -0.15726055
  0.0497891   0.2541702   0.35644183 -0.02308357]"
53,DNSTARS,85,"[-0.28637287  0.37520674 -0.34075654 -0.3732042  -0.32676286  0.37460008
 -0.32902694  0.40481982  0.31060934  0.35229525]"
111,Weed,338,"[ 0.23463094  0.36723116  0.3113162   0.34990487 -0.36213017 -0.29222852
  0.24727497 -0.35114172 -0.30518004  0.29845163]"
75,Psychedelics,259,"[-0.16073175 -0.36688614 -0.28795916  0.2295358  -0.29943082  0.22135393
 -0.03778924 -0.3488799  -0.05463969  0.38435158]"
198,Opiateconnect,241,"[ 0.3177544   0.14453326  0.37127405 -0.3134992  -0.33137673 -0.34285563
  0.01141767  0.38088295 -0.300483   -0.31001452]"
199,thedopespot,434,"[-0.13367838  0.3458848  -0.22726059  0.3219962  -0.35470718 -0.30575302
 -0.3131824   0.22343029 -0.09236326 -0.39145178]"
201,FREE_Guides,144,"[ 0.28653556 -0.31985208  0.3358913   0.3275342   0.3616748  -0.2911001
  0.29716608  0.22786298 -0.34897667  0.29096007]"
149,Jobs4Crypto,191,"[ 0.3848238   0.32562786  0.0308354  -0.27361527 -0.09542472  0.28085762
  0.3896655   0.3084025  -0.18478884 -0.3379884 ]"
372,IntelExchange,187,"[-0.27560878  0.35252723  0.32227728 -0.2822984  -0.10369478 -0.38336805
 -0.32773617  0.30489096 -0.3067698   0.39662695]"
7,LibertasMarket,201,"[ 0.31907532  0.31705418  0.16658257 -0.31956604 -0.08727382 -0.3642902
 -0.2569459   0.00671004 -0.11737158 -0.34606776]"
430,GreyMarket,162,"[ 0.3363756   0.35887447  0.19660948 -0.3048353   0.05669653  0.22148676
  0.21604024 -0.36192182 -0.36019197 -0.32474384]"
431,BitBazaar,22,"[ 0.175699    0.34245    -0.30622813 -0.21345367 -0.344228   -0.21426445
  0.3998556   0.31433487 -0.3110194  -0.13900428]"
152,VendorsClub,331,"[-0.03940992  0.3567502  -0.34058434  0.29568246  0.16950847  0.36134633
 -0.26708242 -0.30778715  0.28270423 -0.18412389]"
153,Psychonaut,261,"[-0.03192198  0.2510429  -0.32405213 -0.30520144  0.24939004 -0.21585724
  0.3567905   0.2105648   0.33741093  0.33655378]"
193,Anonymous,9,"[ 0.35618013 -0.4002125  -0.32163724 -0.35119012 -0.26774982  0.2531839
  0.318653   -0.3359258   0.33566636 -0.3351912 ]"
190,Drugs,132,"[ 0.34345424 -0.1080873   0.32854125 -0.15986276 -0.2998534   0.36873657
  0.3339195   0.35489956 -0.26852232 -0.30983496]"
191,BerlusconiMarket,21,"[-0.3296431  -0.33429462  0.29543567  0.32333028  0.34514368  0.32754257
  0.34389573  0.07151054  0.31821677  0.31964013]"
224,Cryptonia,58,"[-0.11821495  0.33824438 -0.32199514 -0.25582224 -0.2934762  -0.3634598
  0.34550712  0.37090147 -0.3690719  -0.29467577]"
192,Manufacturing,209,"[ 0.3256778  -0.26637718  0.13321999  0.30738515  0.27803972  0.30771542
  0.18349749  0.28471866  0.35372043  0.40655273]"
110,HumboldtGrowers,178,"[ 0.3511638   0.16906469 -0.3061511   0.28957626 -0.34059402  0.06854053
 -0.26773486 -0.23473345  0.35961252  0.1329592 ]"
319,PDqrxzyftn,244,"[ 0.20191659  0.2753391  -0.16008812  0.18909891  0.01479562 -0.38628635
 -0.35634327 -0.22689961 -0.3644627   0.0325347 ]"
49,MoneroATMs,220,"[ 0.31680396  0.31792736  0.30747855  0.30332547 -0.34691238 -0.0156801
 -0.358648   -0.32627186 -0.37130877  0.31925127]"
113,DarkDevices,93,"[-0.18384983  0.34651285  0.24946891  0.37078157  0.32674912  0.10407828
 -0.31194562 -0.379944    0.17586865 -0.37088302]"
320,DNMemes,83,"[ 0.02476658  0.26270223  0.29884735 -0.1520987   0.29486862  0.35846925
 -0.32913786 -0.2998191   0.31808954 -0.22624728]"
321,canadianflavor,355,"[ 0.28318173  0.3420796   0.34699586 -0.32705337  0.3558704   0.22938514
  0.31161448 -0.33030695  0.04461215  0.3204861 ]"
373,Agorism,4,"[ 0.37191823  0.38612986 -0.2464823  -0.32289308 -0.32499614  0.26732296
  0.31214386 -0.23248868 -0.33329752 -0.19948222]"
374,DarkDesk,92,"[-0.3641112   0.28936067  0.29529887 -0.37597403  0.27285245  0.3771745
  0.37115917 -0.3112813   0.31110865  0.2905772 ]"
375,Balenciaga,19,"[ 0.3084009  -0.28844213 -0.26295274  0.33396557  0.3197616   0.33011013
 -0.35739297 -0.26040927  0.32281178  0.34610656]"
376,XMR,343,"[ 0.06586877 -0.3560504  -0.35711858 -0.30958512 -0.30059844 -0.31949252
  0.16699767  0.33983344  0.3680264   0.08908466]"
384,SethRogenAus,278,"[-0.23870552  0.34042248 -0.05782178 -0.33522752  0.00428441  0.29689485
 -0.12007166  0.3483798   0.23945926  0.32125595]"
188,softandtech,425,"[0.3182423  0.34534892 0.35036823 0.34157982 0.0558469  0.3889558
 0.14315788 0.24812207 0.29810125 0.35089535]"
204,DNHistory,64,"[-0.35272786 -0.35949573 -0.20561624 -0.11728554 -0.34873322 -0.334526
 -0.04627208  0.21277264  0.27977383 -0.2581223 ]"
189,DNMSA,75,"[-0.3488808  -0.02136433  0.2907952   0.3800183  -0.33101442 -0.3153589
  0.33196354 -0.3238498  -0.2884864  -0.28664985]"
170,OnionDev,235,"[ 0.3527645  -0.20496708 -0.30968282 -0.30274042 -0.24465264 -0.0930942
  0.32677817 -0.35988113  0.3345503  -0.20715594]"
112,DarkPhones,105,"[-0.00149209 -0.34446263 -0.04468244 -0.08437791  0.3858996   0.08544267
  0.24636434 -0.32542807 -0.31369525  0.2920985 ]"
346,DNMSwitzerland,77,"[ 0.34474143  0.28614163  0.26579118 -0.33404025  0.369907   -0.34257755
 -0.3094956  -0.36602584  0.30120134 -0.336037  ]"
114,Alprazolam,6,"[-0.29371646 -0.09454376  0.18913618  0.36787787 -0.31605494  0.4004895
 -0.3181559  -0.2670783  -0.07848745 -0.04357788]"
117,benzodiazepines,353,"[-0.34185478 -0.3645264   0.3144799  -0.18146425  0.347121    0.32578957
  0.3194981  -0.18198657  0.37289566  0.29324284]"
119,CafeDread,35,"[-0.27430892 -0.27670044  0.03718175  0.33206034  0.23318356  0.35124928
 -0.25603732 -0.36412996  0.33615902  0.39388478]"
432,GenesisMarket,159,"[-0.23964672  0.3561836  -0.38517466  0.27706075 -0.12006398  0.27039024
  0.25930455  0.31849113  0.0856332  -0.3645324 ]"
196,fraudfinance,384,"[ 0.0621156   0.1746452   0.34692383 -0.13777322 -0.318205    0.16820085
 -0.3484075  -0.30791095 -0.31536946 -0.3045577 ]"
92,thecandymanuk,432,"[ 0.35391498  0.24663527 -0.3147641  -0.39210466  0.2897289  -0.22133279
  0.37219903 -0.24918069  0.32691082 -0.32550234]"
420,Vacations,326,"[-0.32705677 -0.05232661 -0.31208134  0.2236114  -0.33265442 -0.34511662
 -0.29900068  0.35877615  0.332822   -0.29728666]"
435,UKCannaisseurs,320,"[-0.36537275 -0.29923472  0.2792453   0.33248731 -0.23124863 -0.20444733
  0.3194562  -0.27159283 -0.29697776  0.39102545]"
421,devopspartnering,374,"[-0.34447604 -0.1651435   0.3062775   0.34084672 -0.28828582  0.3368418
  0.3401851  -0.2780063  -0.2602679   0.29615396]"
436,dBay,367,"[-0.34408423 -0.32142678 -0.25963897 -0.32581013 -0.27675867  0.400135
  0.3628388   0.04940797 -0.35750857 -0.12928358]"
423,DarkNetAlchemist,96,"[ 0.03586571  0.26883158  0.3246519   0.325534   -0.25234208 -0.3295864
 -0.320993    0.3257437  -0.3573245  -0.36015132]"
424,DarknetMonitor,113,"[-0.332599    0.39083317 -0.29035497 -0.14357679  0.03498254 -0.10287721
  0.2123447   0.37950772  0.3689593  -0.32722998]"
425,readers,423,"[-0.3222658   0.27489668  0.00755207 -0.2601601  -0.1847533   0.3256571
 -0.25852203 -0.31682864  0.2651889  -0.36583865]"
437,SynchronizersGazeebo,296,"[ 0.23630826 -0.3330425   0.32521817  0.2320895   0.24770612 -0.27802488
 -0.36012343 -0.340286    0.30857912  0.31995246]"
433,IndianStoners,185,"[-0.36829045 -0.24003269 -0.15316044 -0.06155595  0.33704013 -0.04409568
  0.3651612  -0.00864899  0.34162483  0.37986642]"
438,Chronos,47,"[-0.13260913 -0.204028   -0.35110724 -0.32000515 -0.25950116  0.16367297
  0.2890557  -0.3035248  -0.20840423  0.00568233]"
434,TheFund,304,"[-0.36110848  0.34498078  0.35485116  0.32805586 -0.21721189  0.33325517
  0.13215394 -0.35566047  0.21767089  0.10770215]"
439,Versus,334,"[ 0.32030234  0.3233418   0.09318767 -0.38322398 -0.15168892 -0.31809342
  0.36152533 -0.31632882 -0.37659672  0.32430696]"
440,PreviewOfFreedom,256,"[-0.36296153 -0.38127032 -0.04273256  0.332566   -0.3232765   0.08357162
  0.33391675  0.31113818 -0.2370619  -0.33309683]"
174,ScamReports,274,"[ 0.26909214  0.3508532  -0.37941352 -0.35590005 -0.2448742  -0.38470215
 -0.33796164 -0.2861581   0.2789384  -0.31262657]"
441,WhiteHouseMarket,339,"[ 0.35870057 -0.3388005   0.3385966   0.27866596  0.36233282  0.35441357
 -0.23688789  0.34056103  0.09653491 -0.18432134]"
416,Envoy,143,"[-0.03218359  0.3380547   0.33271742 -0.31780326 -0.3068286  -0.29752862
 -0.17762312 -0.00966613  0.378132   -0.30553797]"
442,Cryptonite,59,"[-0.3764228  -0.27257368 -0.3342348  -0.3827834  -0.3734473  -0.25785372
  0.3033697   0.33174422 -0.01909614 -0.3160978 ]"
417,Silkbay,282,"[-0.2531345   0.12833129 -0.3477242   0.35979524  0.31413978  0.23174141
 -0.20190284  0.40472877 -0.36968237 -0.3692427 ]"
418,darkmarket,370,"[ 0.32387695  0.2994219   0.2976761   0.3500278  -0.32590652 -0.27489287
  0.02797119  0.27867156 -0.2747124  -0.31907627]"
419,CartKingdom,43,"[-0.2678622   0.3187414  -0.08710065  0.3020359   0.2697481  -0.07203507
  0.2144075  -0.30271736 -0.18068539 -0.3748118 ]"
415,SamSaraMarket,273,"[-0.34418467  0.1727573  -0.2571937  -0.21057762  0.32692716  0.31055558
  0.29745984  0.3064614   0.38910177  0.31154236]"
18,EmpireMarket,140,"[ 0.29242444 -0.0675481   0.34827358  0.25373784  0.2714389   0.33593744
 -0.22199039 -0.3783628  -0.26953965 -0.31494114]"
290,NamasteLSD,226,"[ 0.01710054  0.3113964   0.12756951  0.21438368 -0.17986245  0.3294194
  0.3581036   0.28675097 -0.34998336 -0.29537302]"
291,SecretSociety,275,"[-0.2664917  -0.26136163  0.353772   -0.23292951  0.27398086  0.29818982
  0.33175233 -0.33179548  0.3834206  -0.29672262]"
292,issociatives,398,"[ 0.3078297  -0.3491954   0.12469824 -0.29596797 -0.31304163  0.36428624
  0.34727624  0.32263926 -0.06889001 -0.32770813]"
293,dissociatives,375,"[-0.3949053   0.2997624  -0.37745658 -0.1855275  -0.32766214  0.35850346
  0.34445488 -0.38630813  0.09258828 -0.335222  ]"
118,Tramadol,316,"[-0.29934204 -0.27996728  0.33041385 -0.28378582  0.32816285  0.12367361
 -0.29452515 -0.3523739  -0.29880416 -0.35272923]"
121,DarknetMarketsNZ,110,"[-0.27650464 -0.35622796  0.34468642 -0.36450025  0.3858467  -0.29014537
 -0.34443173  0.30854344  0.26010984  0.19588056]"
19,Opiates,242,"[ 0.28032357  0.3263691  -0.27136466  0.15822785  0.21368793 -0.3606633
 -0.34350282 -0.3116933   0.38399947  0.29784727]"
162,BudgetBudsExpress,29,"[ 0.3632292   0.16915551 -0.37076142 -0.3024281   0.33986723  0.31319535
 -0.1630285  -0.3282172  -0.30880883 -0.16487591]"
81,RCBenzos,264,"[-0.09720534 -0.34534073  0.40547448 -0.3067617  -0.25161338  0.35878083
  0.35688564 -0.36121026  0.30065674 -0.37708044]"
13,HarmReduction,168,"[-0.37254947  0.33368152  0.32537824  0.36604008 -0.17799462  0.2857956
  0.30257648  0.28413725  0.28849402  0.40081653]"
428,DrugTrafficking,131,"[ 0.01683357  0.3600466  -0.39057934 -0.23701164  0.38109058 -0.30849624
 -0.33680978  0.30756122 -0.39140332 -0.1902634 ]"
185,CFB,33,"[-0.07705548  0.18517457  0.3778072   0.2952363  -0.37736192  0.27176207
 -0.3875353  -0.3657545   0.3500207  -0.29834914]"
186,clearlythebest,357,"[ 0.37066895  0.09321089  0.39112216 -0.2421759   0.399111   -0.25391126
 -0.32255438 -0.30646038 -0.23201965 -0.32259676]"
187,Recon,268,"[-0.3661239   0.3083045  -0.32788712 -0.35356396 -0.28685609 -0.34435064
  0.3268436  -0.39270028  0.21476476 -0.2530059 ]"
194,klonopin,400,"[-0.18970716 -0.31033942 -0.07794324  0.33714303 -0.34127742  0.35597956
  0.2769232   0.3713116  -0.30065694 -0.27867743]"
427,DarknetBrasil,106,"[-0.2684956  -0.39027405 -0.31538555  0.32643554 -0.23130237 -0.28849766
  0.25637826  0.28580984 -0.303809   -0.30019122]"
429,LiquidGold,203,"[-0.25551343 -0.30890584 -0.28874165 -0.3711767  -0.38918597  0.01186941
 -0.31050578  0.32349196 -0.1154845   0.2530325 ]"
202,ReviewsOz,270,"[ 0.32398075  0.3746      0.29137412 -0.38643953  0.3404448   0.36805153
 -0.36079252  0.33243942 -0.11190998 -0.3376564 ]"
197,DarknetDevelopment,108,"[-0.23785894  0.2662898  -0.3295909   0.35609803 -0.17344607 -0.30837527
  0.28625312  0.32326445  0.31932515 -0.349172  ]"
274,EnigmaMarket,142,"[ 0.06793587  0.34039727  0.29591295  0.33715352  0.05725903 -0.2802478
  0.3162979   0.06556503  0.26836488 -0.3828472 ]"
265,IntelCutoutReloaded,186,"[-0.19852376  0.37894636  0.27677828  0.33100253  0.3593065   0.22183542
 -0.2736427   0.38983452  0.36523965  0.3218084 ]"
422,Monopoly,221,"[ 0.26606837 -0.39198273 -0.2738831   0.3681205  -0.3702064   0.3094987
 -0.4018323  -0.3128711  -0.01226316 -0.17144555]"
164,ProjectAnnouncements,258,"[-0.26051694  0.39779434  0.24424784 -0.2927298   0.27801132  0.38337505
 -0.3715111  -0.3478149  -0.21249877  0.353737  ]"
203,boredbanter,354,"[ 0.32577175 -0.24655725  0.3403937   0.24940522 -0.35476094 -0.14354363
 -0.35323507 -0.36495334  0.34127808  0.27369064]"
209,CubensisCity,60,"[-0.04453269  0.29719797 -0.12382145 -0.24662945  0.07578182  0.31135306
 -0.3206416  -0.33167335  0.31441948 -0.19201155]"
116,Modafin,218,"[-0.2706288  -0.23159961 -0.14640096 -0.02865893 -0.32942215 -0.2898359
 -0.33037445  0.10792491  0.08086956 -0.36309725]"
51,programming,420,"[ 0.27964222  0.2861785   0.10209198  0.33996627 -0.3413262   0.35786763
  0.30172232 -0.28944916  0.3671612  -0.21435182]"
57,Apollon,14,"[-0.3580047  -0.3765807  -0.34367663 -0.33045182 -0.3862006  -0.32095647
 -0.3376739   0.3175917   0.37574401  0.23388745]"
67,DreadditTest,122,"[ 0.38775015  0.3172739   0.3665963  -0.30551443 -0.28765687  0.2961299
  0.3566026  -0.3825847  -0.34725764  0.24354212]"
69,DNMCanada,69,"[-0.28434458  0.33783317 -0.3060751   0.00111384 -0.2281641   0.32872987
  0.3068168  -0.29759672 -0.34723216  0.2555362 ]"
70,Cannazon,41,"[ 0.35174263  0.32251403  0.36145613 -0.3783518  -0.3596947   0.3344906
  0.33835086  0.31779984  0.3140779  -0.23623747]"
122,DarkNetDenmark,99,"[-0.31064588 -0.27483332  0.07887796  0.34331423 -0.36919808 -0.35929108
  0.06283433  0.3480971   0.32787824 -0.2882688 ]"
123,DeepDotWeb,117,"[-0.02813276 -0.35246363  0.3365647   0.3366286   0.30308482  0.38390297
  0.3224471  -0.3324874   0.39095795 -0.34934583]"
124,DNMcirclejerk,82,"[ 0.17488028  0.35815015 -0.0363876   0.01523333 -0.23377131  0.2869843
 -0.15303865 -0.3694498   0.3786768  -0.2410888 ]"
125,undergroundcoco,439,"[-0.38551757 -0.2860116   0.24585812  0.31707805 -0.2847463  -0.2997037
 -0.07060888 -0.31300595 -0.1078693  -0.10820722]"
126,cocaine,360,"[-0.28516954 -0.2616995  -0.35672078  0.33862808  0.31074333 -0.38033307
  0.1391695  -0.3629269  -0.26576108  0.01186788]"
127,Steroids,289,"[-0.28108838 -0.34510973 -0.3305641  -0.29609585  0.14907412 -0.32603374
 -0.24337669  0.3464472  -0.32129455 -0.3766272 ]"
128,IndependentNews,184,"[-0.13853523 -0.37733582 -0.3470854  -0.01218457  0.16800497  0.2850999
  0.13922045 -0.29488042 -0.3846913  -0.30536142]"
130,TagTrading,300,"[ 0.2968689  -0.32378554 -0.25783736  0.19671375 -0.3348119  -0.36412907
 -0.39607432  0.2130937   0.33492708 -0.38368934]"
131,SteroidSourceTalk,288,"[ 0.14174682 -0.3131553   0.33493406  0.3829201  -0.35655874 -0.17616302
  0.21955746 -0.32605326  0.33407035  0.34513175]"
133,DNP,84,"[ 0.3416507  -0.20010619 -0.03062113 -0.33342448  0.40178484 -0.33560422
 -0.33304876 -0.24208611  0.3978882   0.31155866]"
134,zionmarket,445,"[ 0.06521512 -0.3694801   0.28613123 -0.37691844  0.3664229  -0.30520138
 -0.18222968 -0.3040683   0.3297797   0.17495309]"
135,IDC,181,"[-0.30785006  0.35067987 -0.2667405   0.3420218  -0.33428165 -0.36049312
 -0.35454956  0.36714926  0.30838335 -0.3248314 ]"
139,DNMWatchDogs,81,"[-0.31795773 -0.3161134  -0.2841942   0.30506057  0.31561098 -0.30442002
 -0.33712712  0.19622922  0.24016382 -0.30933142]"
144,Darkwebnews,116,"[ 0.30002746  0.23566723  0.29090962 -0.24186411 -0.2969547   0.21444535
 -0.18545792  0.29867736  0.37356022 -0.3707045 ]"
143,TrophyCircle,319,"[ 0.37524807 -0.35642403  0.3332183   0.3154925  -0.2807518  -0.18206869
 -0.35797518  0.13425046  0.31798935 -0.39818123]"
182,DarknetMarketsReloaded,112,"[ 0.30195192  0.30710766 -0.3115405   0.40402845  0.29957145 -0.33763856
  0.327224   -0.35308897  0.32873598  0.02460229]"
145,Superlist,295,"[ 0.16665067 -0.1426491  -0.30055797  0.34934726  0.2403984   0.34008285
 -0.07006971 -0.31143084  0.36410868  0.39028168]"
146,SilkRoad,281,"[ 0.34341007 -0.3240993   0.378928    0.34263888 -0.2905577   0.30275702
 -0.2987811   0.02434567  0.3449615  -0.31739104]"
184,PacketsAndPuns,245,"[ 0.12714323 -0.33582172  0.11780754  0.37119633  0.27388355 -0.32050514
  0.24805239 -0.19762251  0.3515359  -0.3493695 ]"
147,testing,431,"[ 0.30331862 -0.27651894  0.3612282   0.348738    0.2963823   0.31912643
  0.18827906  0.35974586 -0.32181737  0.33809808]"
148,gpumining,391,"[-0.35320967 -0.3768792   0.30080888  0.23094986  0.05198355 -0.29380628
 -0.305349    0.30867463  0.15109661  0.3364182 ]"
183,KnowYourRights,194,"[-0.31728593  0.3218148   0.38461486  0.3574822   0.36017412  0.28766224
 -0.3450859   0.3584582  -0.27442694  0.2779266 ]"
206,gotmilk,390,"[ 0.35146493  0.31295758  0.35385904 -0.33949476 -0.35836825  0.29723066
 -0.3433472   0.32330438 -0.34163332 -0.34873858]"
215,REPPIT,265,"[ 0.2871135  -0.2328932   0.38131294 -0.07581513  0.12483032  0.04503632
  0.26402247 -0.25963947 -0.31655514 -0.38940427]"
20,DNMUK,79,"[-0.03516583  0.30458638 -0.30007362 -0.365823   -0.3634324   0.3398478
  0.37050715  0.38038546 -0.15752806  0.36344752]"
216,TCF,298,"[-0.2984     -0.32715183 -0.34803674 -0.40332884 -0.33450618 -0.10716271
 -0.18828313 -0.36771137  0.3589671  -0.03113691]"
217,fraudulence,385,"[-0.2869698  -0.33427918 -0.17750657 -0.3503554  -0.37783936 -0.38506395
 -0.03751273  0.16355695  0.3210194   0.17316112]"
227,Discordian_Society,120,"[ 0.31746134 -0.35038427  0.305829   -0.25965312 -0.18587674  0.3340257
 -0.2869988   0.2548076  -0.3331859   0.18885693]"
238,thedopeshop,433,"[-0.2947218  -0.05130163 -0.392024   -0.3725506  -0.37746528  0.3659055
  0.19562373  0.31687224  0.3856971   0.37463835]"
22,GrowShrooms,164,"[-0.38864505 -0.18519498  0.16249122 -0.12627168  0.3170623   0.38841385
 -0.20818871  0.31221426  0.00818228  0.3251605 ]"
88,freelance,386,"[-0.24411094 -0.3172815  -0.34983048 -0.33001748  0.2295574  -0.35625854
 -0.2676301  -0.310264    0.31979775  0.2869286 ]"
210,LunaMarket,204,"[-0.15841377  0.36259893  0.33482832 -0.35327217  0.29895708 -0.30252647
  0.36359844 -0.35900137  0.27842978 -0.04853873]"
46,LSD,196,"[-0.31999043  0.3082198   0.2741738   0.38407466 -0.335451    0.33234355
  0.2910082  -0.325872   -0.28903255  0.25284377]"
313,sources,426,"[-0.28861666  0.36252692  0.3637129   0.34705818 -0.30333668  0.32201508
 -0.33128056  0.25879034  0.33817518  0.31307718]"
39,SocialEngineering,284,"[-0.30782238 -0.18964802  0.29446378 -0.28755352  0.38307035  0.23317921
  0.17365421  0.2987155   0.3738011   0.21810493]"
44,DarkNetFrance,100,"[ 0.32037425 -0.06396698  0.15717122 -0.3059222  -0.33807102 -0.28917557
  0.3707391   0.12264885  0.20217597  0.309094  ]"
60,CartelNorteAfrica,44,"[ 0.36080205 -0.35466403 -0.37794986 -0.270568   -0.11230792  0.08057715
  0.01307162 -0.35577607 -0.21066344  0.28537896]"
56,DreamMarket,125,"[-0.26156852  0.35071823 -0.26812288  0.25244427  0.15322046 -0.34080416
  0.3799587   0.350672   -0.30792025 -0.35030252]"
61,Opium,243,"[ 0.12978661  0.32869855  0.40365428  0.3436691  -0.39729643  0.2027318
  0.38057062 -0.30777878  0.35944116 -0.3635517 ]"
65,Carding,42,"[ 0.30906007  0.2696101  -0.3719177   0.38992968 -0.33342293  0.28706542
  0.2906098   0.3312239  -0.2800749   0.3149934 ]"
63,collapse,362,"[-0.342856    0.35152152 -0.3889099  -0.21872498 -0.02767557  0.07714157
 -0.33096576 -0.3598827  -0.30251676  0.06039085]"
64,modafinil,406,"[ 0.33028904  0.35424072  0.36021724 -0.3553677  -0.11527725  0.37105832
 -0.3742219  -0.3902026  -0.15018055 -0.3360003 ]"
136,Oculus,232,"[ 0.3639621   0.06451017 -0.35814577  0.3187102   0.31912035  0.30151227
  0.2875222   0.39526236 -0.35797197  0.3049072 ]"
66,StrungOut,291,"[ 0.3108296  -0.1967315  -0.28553644  0.3433781   0.06380951  0.2955389
 -0.3084208  -0.04940118 -0.30148643 -0.20639096]"
137,AntiScam,10,"[-0.29640603  0.16965503  0.32828474 -0.29367694  0.39089036  0.3333316
  0.17137547 -0.28394777 -0.29155537  0.32136843]"
138,coke,361,"[ 0.3630763   0.38491705  0.22889827  0.37457624 -0.31248853 -0.05448011
  0.36236358  0.3206073   0.39098415 -0.07755261]"
141,valhalla,440,"[-0.30268303  0.35233167 -0.02941014 -0.31547484 -0.32480347  0.32944462
  0.32940915 -0.3374243   0.29745495  0.36759573]"
142,GHBandAnalogs,153,"[ 0.32594454 -0.33905458  0.3841402  -0.34088132  0.31553268  0.3179243
  0.3323012  -0.39631635  0.34195182 -0.3638157 ]"
297,news,413,"[ 0.32809162 -0.04229471  0.2661704  -0.3326501  -0.27077723 -0.3312344
 -0.1347312  -0.3654302   0.31791523 -0.31831324]"
363,darknetlive,372,"[ 0.15411404  0.09458227  0.17030807 -0.28867155  0.15240453 -0.37844095
 -0.38104257  0.3721496  -0.29031605  0.2765966 ]"
273,ttiot,437,"[ 0.38644126 -0.3020265   0.34437528  0.3743967   0.17193617  0.3750609
  0.31434062  0.29612634  0.19524063  0.35692078]"
220,Concentrates,51,"[-0.31306702 -0.37978736 -0.38642868 -0.27679965  0.27201834  0.3194728
 -0.30836642 -0.37134805  0.2457037   0.3593066 ]"
6,TochkaFreeMarket,312,"[ 0.064609    0.28839245 -0.34846145  0.30806056 -0.17015445  0.3100765
 -0.29336527  0.34852874  0.3036696   0.21370892]"
270,Linux,202,"[ 0.3910588   0.29797217  0.01681621 -0.3286457  -0.27808464  0.3425852
 -0.3628216  -0.3098005  -0.04669284 -0.01602748]"
218,DutchDrugzSupport,135,"[ 0.30199856 -0.01684779 -0.13000351  0.37930906 -0.37900284  0.38503557
  0.31340733 -0.28446725  0.0904602  -0.13133273]"
352,Albertheijnxl,5,"[ 0.35942215 -0.32673475  0.2955935  -0.30605307 -0.38756472  0.29268035
 -0.35342333 -0.2608873  -0.37723446  0.310672  ]"
354,JabberExchange,190,"[ 0.15487465  0.14135773 -0.39965343  0.28625613 -0.07844239  0.2920795
  0.34725848  0.19623005  0.368299    0.3946045 ]"
355,ddf,373,"[-0.36776176  0.29498315 -0.39067715 -0.25305468 -0.32608533 -0.09466534
 -0.31122753  0.20578052  0.07571343  0.02673286]"
356,MushMerica,222,"[ 0.30618134 -0.3467713   0.3678259   0.29755676 -0.27019408 -0.16742355
 -0.32361352 -0.33523074 -0.27200478  0.04006095]"
357,AusDeals,16,"[-0.37504593 -0.2749103  -0.37651268 -0.3582404   0.34038407  0.19123012
 -0.36780402 -0.34919843 -0.13030446  0.37016934]"
358,DarkNetArabs,97,"[-0.38947707  0.17820194  0.31870058  0.36186567 -0.34622282 -0.32144004
  0.20470744  0.36185357 -0.32654282 -0.30894965]"
359,MDACanada,206,"[ 0.29134357  0.376558    0.32547536  0.40420905 -0.2993819   0.28760374
  0.35389134  0.38588333 -0.36918223 -0.37688342]"
360,DNMBulgaria,68,"[-0.3731748   0.32049596 -0.35162035  0.2688137  -0.35049155 -0.28990602
  0.3676285   0.2738069  -0.33304173 -0.3489619 ]"
16,TheMajesticGarden,307,"[ 0.35118103 -0.33206058  0.31503934 -0.27485248 -0.30154613  0.35614133
 -0.29627603 -0.28303477 -0.18423681  0.37489107]"
245,WorldPharmacy,342,"[-0.3025461   0.3723208  -0.10705867  0.31411758 -0.35853082  0.37623608
 -0.35111952  0.38618731 -0.22171459 -0.33133987]"
332,ctbgold,366,"[ 0.36440927  0.30257192  0.29561362 -0.31503898 -0.26072258  0.32554922
  0.29102555 -0.21833166  0.30735257  0.27150974]"
333,SpriteLeeBulkSourcing,286,"[-0.3505575   0.32821897 -0.32093748 -0.04756927  0.39434507 -0.33929488
  0.09412257 -0.31680137  0.28778166  0.27942398]"
334,Vendorstores,332,"[ 0.3248389   0.29887632  0.34176087  0.2512152   0.37513474  0.31441268
  0.17535082 -0.32417646 -0.31666297 -0.34558305]"
335,terekgears,429,"[-0.32341588  0.34768844 -0.3179368   0.33187816 -0.16335358 -0.3622217
  0.31559384 -0.3717633   0.28775385  0.16724709]"
336,IDW,182,"[-0.3369632   0.36753762 -0.32025465 -0.1709266   0.31571475  0.31954455
  0.11316312 -0.2964209  -0.28674045  0.25757238]"
337,DutchMasters,136,"[ 0.3238502  -0.3867324  -0.3161837  -0.38700017 -0.29900676  0.30544364
  0.33220547 -0.36362198 -0.36119637  0.3525026 ]"
338,goingpostal,389,"[-0.29082006 -0.3350451  -0.2931999   0.23772684  0.3321202  -0.16495425
 -0.31365025  0.26590195  0.33781072  0.27661687]"
339,CDNVEN,32,"[ 0.32813948 -0.2832878   0.29399103  0.25351247 -0.21435896 -0.37348866
  0.28738335 -0.16824296  0.3090798  -0.17144947]"
340,dutchw33d,378,"[-0.07262339  0.29425314  0.27824038  0.39188936 -0.37387186  0.07339264
  0.2274728  -0.2875646   0.12942134  0.34252977]"
342,DreamAltMarket,123,"[ 0.30583194 -0.36639965  0.30843675  0.32612407  0.36265337 -0.35108513
  0.33578983  0.3477965  -0.35341942  0.34092286]"
344,TheProfessionals,309,"[ 0.1425547  -0.357362    0.18553886 -0.09175648 -0.3439853  -0.00740472
 -0.31912836  0.3294435  -0.23082404 -0.3979945 ]"
345,SmokersCo,283,"[ 0.2705065  -0.25968993 -0.3632246  -0.32737583  0.36125818  0.28940356
 -0.267705    0.32022    -0.32576343  0.09911019]"
347,HollandDutch,177,"[-0.18873431  0.09081429 -0.34965545  0.3613608   0.01703596 -0.30767533
  0.23930965 -0.30475485 -0.39203674  0.09380382]"
348,GeneseMarket,157,"[ 0.3135747   0.1843242   0.2944651  -0.26383576 -0.35341454 -0.3514655
 -0.27865458 -0.13640632  0.31758323 -0.32328913]"
349,HollanDutch,176,"[-0.00901341 -0.00896519 -0.32839143 -0.3172062  -0.3773136  -0.37909192
  0.06101245 -0.28025252  0.358396   -0.33561736]"
350,mushcanada,408,"[-0.10180901  0.30421087 -0.36029607  0.3624199   0.3301397  -0.2110395
 -0.31272444  0.36269036  0.11143479 -0.3235521 ]"
351,openmarket,417,"[-0.27159756 -0.3469669   0.3512633   0.3626435  -0.32369098 -0.36339775
  0.30586436 -0.31276184 -0.17087261 -0.38753074]"
219,distillate,376,"[ 0.3060589   0.3569813   0.3291877   0.31585956  0.22365136  0.24039596
  0.36713222 -0.25989243  0.07245291 -0.3035365 ]"
221,Psychedelium,260,"[-0.3507601  -0.32397437 -0.3194252   0.2439431   0.26624075 -0.31025022
  0.34340546 -0.03458599  0.29833588  0.31795344]"
222,Killuminati,193,"[-0.29878184 -0.30233485  0.35977274 -0.2919082  -0.25165668  0.35182568
 -0.3133769  -0.33083388  0.18347834  0.3713429 ]"
276,yellowbrick,443,"[ 0.40717614 -0.14758347 -0.31688932 -0.37636217 -0.16672225  0.25142866
  0.046779   -0.31586367  0.3147613  -0.35763755]"
163,OffTopic,233,"[ 0.39450404  0.3802005  -0.31224358  0.0284865   0.10771439  0.3875067
 -0.27402112 -0.20046766 -0.25075984 -0.15270029]"
236,kloshost,401,"[ 0.2978635  -0.19902454 -0.30068886 -0.35191944  0.3094409  -0.2087509
 -0.00391098  0.34302446 -0.3190104  -0.36769167]"
154,IAmA,180,"[-0.34735802 -0.3570835  -0.3239624  -0.35989487 -0.34920302  0.30701947
  0.32548314  0.27274144  0.3294816   0.31856653]"
330,WallStreetMarketUNCUCKED,337,"[ 0.35321832 -0.2843274  -0.153384   -0.05254577  0.35030627 -0.3493366
 -0.21028653 -0.35593668  0.37443593 -0.34140316]"
95,ketamine,399,"[-0.30654183  0.34477276  0.3377165   0.05316146 -0.29082727 -0.35929936
  0.3391679   0.32370228 -0.17233628  0.3428258 ]"
353,MLPfans,208,"[-0.22056931 -0.3611624   0.26308268  0.3361527   0.10795093  0.37433687
 -0.3096979   0.36704624  0.33689487  0.313696  ]"
68,Reviews,269,"[ 0.0260746   0.35135806 -0.18552153 -0.33542433 -0.3726504   0.37549224
 -0.2816813  -0.23992181  0.28755325  0.37749204]"
341,B6v7eeOfficial,17,"[ 0.28446442 -0.30359486  0.33953464 -0.33888182  0.25929824  0.19249918
 -0.37273738 -0.27071482 -0.15144831  0.3970195 ]"
50,SerpentMarket,277,"[ 0.08411476 -0.34292632 -0.26941147  0.03857019 -0.33983997  0.3819965
 -0.33885273 -0.3524292   0.03656671  0.3769964 ]"
159,Security,276,"[ 0.32706958  0.27161124  0.27828345  0.2683066  -0.20838691 -0.38441053
  0.30429903  0.3440858  -0.24617805 -0.35844672]"
225,thunkening,435,"[ 0.38618895 -0.28364402  0.05231572 -0.28205034 -0.32293788 -0.34801292
 -0.34547544 -0.36713418  0.3791012  -0.36395174]"
311,randomtesttestrandom,421,"[-0.3397171   0.32772988 -0.30469212  0.30145854  0.18593656  0.31044692
 -0.3790146  -0.25972053  0.3140489  -0.3338317 ]"
239,BrasilDark,28,"[-0.30840677 -0.38378394  0.31245995  0.33481225  0.30364925 -0.37461945
 -0.3174538  -0.34305662 -0.22427699 -0.07420361]"
76,DMT,63,"[-0.31717083  0.38441825 -0.19282842  0.31697154  0.3251848  -0.19259112
  0.31924665  0.31204146  0.39765307  0.24778776]"
302,HiddenHand,174,"[-0.20292288 -0.31145823  0.28026897 -0.31297746 -0.2519559  -0.3714463
  0.30230466  0.37193963  0.15647201 -0.26317272]"
303,NenUsers,227,"[-0.1432223  -0.01315422  0.36960953  0.29909062 -0.2936784   0.02269175
 -0.20194526 -0.39752054 -0.20469528 -0.35216403]"
77,Codeine,49,"[-0.32253096  0.2746093   0.12522577 -0.3049846   0.2573129   0.18861479
  0.0397179   0.34241775  0.09226091  0.35685343]"
151,TripNation,317,"[-0.3660401  -0.07649299  0.32371673  0.19030589  0.32282498 -0.35091004
 -0.31252322 -0.36908558  0.3472104  -0.348553  ]"
157,Tails,301,"[ 0.31470528 -0.01345961 -0.37872288  0.18985     0.36775914 -0.36269814
 -0.36102512 -0.3474477  -0.28530815 -0.20067616]"
158,Cosmic_Consciousness,53,"[ 0.07834386 -0.3392355   0.34617835 -0.3019966  -0.35937735 -0.32363522
  0.25532916 -0.32951465 -0.11109923 -0.15878743]"
240,Cerberus,45,"[-0.32218543  0.34970817  0.3289763  -0.26833972  0.28310454  0.0812105
 -0.31482083 -0.33209208  0.2756048  -0.3494477 ]"
396,AnnieAdderall,8,"[ 0.33658987 -0.36539942  0.33545154  0.38193807  0.3421934  -0.3711144
  0.34275547  0.17005853  0.3388327  -0.319825  ]"
176,PossibleScams,255,"[-0.32408467 -0.3143584  -0.3298467  -0.14929883 -0.3150957   0.28659648
 -0.31783673 -0.3360434   0.17540087 -0.3596497 ]"
241,FriedPhish,151,"[-0.27459708 -0.03282116 -0.31462884 -0.2999916  -0.20789844  0.2782607
  0.31190145 -0.24298653 -0.30489272  0.33871618]"
314,KarmaKing,192,"[ 0.28764376 -0.25457543 -0.28670716  0.19309764 -0.28469673  0.24690752
  0.32887408 -0.12355549  0.31403133  0.35562506]"
379,antiforensics,350,"[-0.33466682 -0.09825958 -0.30543903 -0.09614119  0.16176479 -0.31611964
 -0.28989953  0.13056141 -0.3716555   0.29716086]"
397,USAKetamine,323,"[ 0.18115392  0.13292198 -0.36870822  0.19255017 -0.05417898 -0.37274885
  0.30536443 -0.36910248  0.28684685 -0.28769252]"
3,FakeID,145,"[-3.0915634e-04 -2.8973746e-01  2.5572211e-01 -1.1582601e-01
 -3.7166858e-01  3.7972629e-02 -2.5635144e-01  1.6801754e-01
 -3.6012295e-01 -3.5967696e-01]"
181,Revolution,271,"[ 0.40305617 -0.21590239 -0.10984761 -0.34953097 -0.32774964 -0.3048758
 -0.33891472  0.3325534  -0.30261642 -0.11851239]"
398,PersonalTestPosts,247,"[ 0.34541875  0.37471828 -0.35011563  0.39733422 -0.3181647   0.37522683
  0.36912304 -0.28633812 -0.2813296   0.29468223]"
243,GangstasParadise,156,"[-0.03464431  0.3732217   0.31524274  0.25546154  0.0390749  -0.2784913
 -0.24074581  0.17346576  0.0981858  -0.39075565]"
308,DreamExit-vendors-only,124,"[-0.3213126  -0.27540988 -0.29496488  0.26642016 -0.3331176  -0.14100677
 -0.00656791  0.1399196   0.05290765  0.32822376]"
317,helpcenter,395,"[ 0.28950876  0.06278338 -0.3451972  -0.0130164  -0.34147537  0.22618881
 -0.2239343   0.3049669  -0.269683    0.31995597]"
380,DrugSEC,129,"[ 0.3103146  -0.20459192  0.39745805 -0.30219123 -0.05642569 -0.38599852
  0.29062378  0.33465832 -0.30907503 -0.34649217]"
399,OGCR,231,"[ 0.3868154  -0.29894945 -0.25905973 -0.28255853 -0.18748209 -0.31096902
  0.37031552  0.26928183 -0.35764825 -0.03948367]"
246,hiddenwiki,396,"[-0.2637826  -0.38991192  0.40207192 -0.3083006   0.39595532  0.2689594
 -0.15422915 -0.37942684 -0.19980608 -0.36037228]"
318,SuperSecretSociety,294,"[-0.36536056 -0.0046338  -0.29830396  0.34181684 -0.31881225 -0.0136553
  0.3447054   0.19218867 -0.10666445 -0.37241185]"
381,fastkush,382,"[ 0.30779514  0.20888181  0.3611992   0.3493831   0.34340057  0.2564676
 -0.37675697 -0.09419715 -0.26813075  0.04961859]"
400,BudnationAustralia,30,"[ 0.34628528 -0.31631273  0.36835018  0.38244116 -0.35558188  0.37229174
 -0.20638448 -0.19838779  0.27303192  0.34696054]"
25,DNMNoobs,73,"[-0.16443615  0.35835028 -0.3066783  -0.06056721 -0.33864233 -0.0671569
 -0.29706934 -0.4012371   0.09443744  0.27928424]"
228,netsec,411,"[ 0.29999137 -0.04659781  0.30483285  0.24179837  0.2898096   0.3258969
  0.32457343 -0.38062406 -0.32571512  0.273224  ]"
237,VENT,325,"[-0.3060756   0.30545524  0.15076636 -0.288281   -0.37237352 -0.2187504
 -0.2530891  -0.29477644 -0.2157288  -0.29222408]"
382,giveaway,387,"[ 0.39092657  0.32767013  0.34501377  0.30973265 -0.19350748  0.28826863
 -0.34397048  0.3272826  -0.33914137 -0.008219  ]"
401,DutchDarknet,134,"[-0.26935634 -0.15816392  0.25598347 -0.36566648  0.39547357 -0.29203403
 -0.3705125  -0.34597278  0.23672935 -0.20459206]"
10,DankNation,87,"[ 0.2956728  -0.31236795 -0.2630058  -0.3405636  -0.01479128 -0.36109996
 -0.32585245  0.2893308   0.0833981  -0.3805433 ]"
82,edibles,379,"[ 0.2996629   0.35997042 -0.15730125  0.33908355 -0.38294348  0.13235109
 -0.33499607 -0.32552448 -0.27738407  0.29610914]"
89,Microdosing,217,"[-0.36278462  0.29528534 -0.3258411  -0.32317665 -0.2958351  -0.14472212
 -0.29657608 -0.34657067 -0.29883018 -0.34743747]"
72,MADMAN,205,"[-0.26384154  0.37286207 -0.38721484 -0.3786801   0.31066367  0.33743635
 -0.38590908 -0.29055694  0.09190519  0.13086112]"
32,conspiracy,363,"[-0.34445623 -0.35633987 -0.31217512  0.34151724  0.16320316 -0.29540968
 -0.33081704 -0.31200293 -0.34630725  0.29752624]"
35,xanaxcartel,442,"[ 0.04606198  0.24621242  0.33182716  0.3094997  -0.23528568 -0.38735792
  0.36921623 -0.2554047   0.32662514  0.11072852]"
41,PirateSandbox,252,"[-0.31966943  0.34726098  0.261774    0.3120486  -0.31165943  0.31066483
 -0.20542414  0.38109997 -0.3279392  -0.14600986]"
38,OpSec,239,"[-0.2931014   0.31783494  0.24622971  0.34940565  0.34124935  0.3846406
 -0.29461572 -0.3109131  -0.36963966  0.32063118]"
4,FakeIDUK,146,"[ 0.09396554  0.3145116  -0.33577332  0.34359193  0.37565067 -0.28616035
  0.33908322 -0.38920963 -0.2702602   0.32430044]"
5,WallStreetMarket,336,"[-0.27253225 -0.3036822   0.3411515  -0.3546822   0.32671246 -0.36099964
 -0.36487028  0.35470435  0.34778666  0.376111  ]"
8,HiddenService,175,"[-0.3012432  -0.32596725  0.3279483   0.3240727   0.1288381  -0.24840285
  0.3447282  -0.24377902  0.33679375 -0.36135492]"
2,DarkNetMarkets,102,"[ 0.302949    0.29954153 -0.34650046  0.08140616  0.30332088  0.31864798
 -0.27185482  0.3798911  -0.32183367  0.31717506]"
11,Forgeries,148,"[-0.2426529   0.03906577 -0.34062758  0.23585679 -0.3716572   0.3135344
 -0.3680454   0.30396214 -0.31577158  0.31497446]"
161,DanknationUK,91,"[ 0.38349548 -0.20785972  0.25537747 -0.29474396 -0.38003597 -0.32714155
  0.2925183  -0.34468722 -0.37378865 -0.06619816]"
226,coremarket,364,"[-0.30451414  0.33309153  0.1196826   0.28185105  0.21798097 -0.30537328
  0.37422496  0.31783915  0.3008165  -0.3409884 ]"
383,darknet,371,"[-0.30950296  0.39738464  0.27961364 -0.18293226  0.34523746 -0.31176144
 -0.30297324 -0.2988771   0.3166407  -0.3157152 ]"
402,Politics,253,"[ 0.34467345 -0.31397292  0.36977446  0.31368577 -0.37327653 -0.24809608
  0.30927497  0.13690679  0.31878302 -0.30538723]"
403,FraudResources,149,"[ 0.31084475 -0.2605796   0.32056683 -0.40136427 -0.30586115 -0.37328148
 -0.3268036   0.16665293 -0.31260675  0.34056115]"
331,mushroommafia,409,"[ 0.35199493 -0.3763148   0.17759377  0.31857657  0.17998005 -0.31532165
 -0.32939455  0.18619764  0.282886   -0.343341  ]"
12,Lean,199,"[-0.2230198  -0.36479595 -0.02250247  0.39557236  0.11658117  0.08934674
 -0.08122139  0.31029606  0.27729645 -0.23574056]"
15,RaptureMarket,266,"[ 0.32487094 -0.33177528  0.3387999   0.38429224 -0.31714222  0.29484808
  0.30688655 -0.37671933  0.35344145 -0.20921293]"
253,danknationlotto,368,"[ 0.28662986  0.36719725 -0.36305746  0.17515306  0.32891905  0.31330854
  0.33342934  0.35170832  0.35282114  0.30984625]"
322,happyshopper,393,"[ 0.08184481  0.3381638   0.29539013 -0.3821964   0.29566127  0.01785645
  0.08443291 -0.26549095  0.33878514  0.3166208 ]"
385,USDK,324,"[ 0.37140697 -0.3371881  -0.28833792  0.3747219   0.32385418  0.2867831
 -0.28044495 -0.31085476  0.30950028 -0.37669536]"
1,Dread,121,"[ 0.35326007 -0.27644148 -0.17177281  0.16804239 -0.3263624   0.3558024
 -0.33410132  0.30511627  0.3317717   0.21875186]"
79,NJUnderground,225,"[-0.33504918 -0.2700997  -0.3417997  -0.34527454  0.29831964  0.33208433
 -0.38403994 -0.3790166  -0.29868907 -0.25638878]"
83,stims,428,"[ 0.07445951 -0.09563398  0.13064581 -0.35284066 -0.30725858 -0.2453416
  0.30495903 -0.32557738  0.35075784 -0.36225784]"
103,Monero,219,"[ 0.1928119   0.24846052 -0.33569643 -0.34166595 -0.33986816 -0.11346746
 -0.14145042  0.34511957  0.33033702 -0.2037106 ]"
104,MephedroneCommunity,215,"[-0.16999292 -0.30358595 -0.24333738  0.35379562 -0.17423792  0.05125659
 -0.35010517  0.20117475  0.33685076  0.36067423]"
173,Philosophy_Science,249,"[ 0.3998234   0.356171    0.29832375 -0.02261618 -0.3343258  -0.30604857
  0.36618906 -0.38906792 -0.3572016   0.39069015]"
177,Piracy,251,"[-0.3008323  -0.2651136   0.32576475 -0.3292554   0.31360966  0.3258287
  0.3795293  -0.3420486  -0.31093848  0.2864797 ]"
254,DNMTurkey,78,"[-0.05335421 -0.10137281 -0.2269891   0.26919758  0.36414388  0.22585885
  0.31199014 -0.37568957 -0.30680373  0.34291267]"
323,ApolloMarket,13,"[ 0.34788182  0.2653757   0.39648044 -0.3838641  -0.39384857 -0.34782556
 -0.35903546  0.02048604 -0.32201904  0.36508226]"
386,marketannouncements,404,"[ 0.09518836  0.21764426 -0.33234066  0.33060828  0.01843337 -0.3556328
  0.10925248  0.01914603  0.05924384  0.3885728 ]"
160,vapeislife,441,"[ 0.3559642   0.05362206  0.3684199   0.03106376  0.3390197   0.33993942
  0.34947565 -0.20978113  0.02455875 -0.3020161 ]"
299,MegaLinks,213,"[-0.16097748  0.2899324  -0.367319   -0.3294481  -0.32322294  0.3273457
  0.12209468  0.29527777 -0.12251262 -0.3363262 ]"
324,TheGrassCompany,306,"[-0.3558187  -0.31361797 -0.11255667  0.37747276 -0.3144039   0.31435025
 -0.31780425 -0.33353716 -0.26540354  0.29129547]"
389,DNMAsia,66,"[-0.29743433  0.32362658  0.3205719   0.23933597 -0.02945038 -0.28171754
  0.20334357 -0.3046207   0.2912505   0.05697607]"
165,Agartha,3,"[ 0.18774873 -0.31619832 -0.02879706  0.22735378 -0.28748968 -0.31788048
  0.37556756 -0.28913426 -0.22469747  0.32006603]"
325,Acestreams,1,"[ 0.17943117 -0.37818113 -0.34195843  0.274587    0.12174204 -0.3191185
 -0.36857945  0.13293973  0.3013085   0.04384958]"
390,DankNetCooperative,88,"[-0.33936608 -0.3095051  -0.3495257   0.32198298  0.32694542 -0.25366202
 -0.29692176 -0.31422833  0.05472681  0.3708997 ]"
166,MemoriesOfTheFuture,214,"[-0.31666195  0.3607739   0.35583538  0.25770578 -0.36803442 -0.3148318
 -0.3601491   0.3696633   0.34836635  0.33274227]"
301,BlotterArt,26,"[ 0.3475057  -0.35650292  0.32678223 -0.27664712 -0.3672961   0.32959694
 -0.28860074 -0.21153538  0.20410728  0.05649828]"
326,DrugsReviews,133,"[-0.3892724  -0.05753199  0.39664307  0.33744144  0.2546807   0.31057352
 -0.01647355  0.34566855 -0.34513828 -0.26208836]"
391,IllegallyHealed,183,"[ 0.2974157  -0.31572548 -0.29374456 -0.00251236 -0.01880069  0.35169175
  0.25457534  0.18268222  0.29471982 -0.37124616]"
167,memes,405,"[-0.11949721  0.10221633 -0.31331146 -0.31034145 -0.310432   -0.38063952
  0.2747171  -0.39811918  0.34777364  0.3828875 ]"
304,BlackArk,23,"[ 0.1678606  -0.34905174  0.32850236  0.30921674  0.25465688 -0.32887524
  0.33531138  0.30172092 -0.21462284  0.1570047 ]"
327,Wochris,341,"[ 0.32890782 -0.34646714  0.29372036 -0.375526   -0.3660814  -0.08609084
 -0.28238583  0.35805333 -0.36541924  0.3899927 ]"
392,TheVendorBible,310,"[-0.39122286 -0.3374978   0.37155548 -0.37226838  0.16163561  0.21314724
 -0.39234835  0.34110773 -0.2895258  -0.370287  ]"
140,DDSuperlist,61,"[ 0.17982155 -0.22469346  0.3350411  -0.05495042  0.32227945  0.24318767
 -0.39082068 -0.3819633  -0.33637396 -0.34578606]"
168,DarkNetMarkets2,103,"[-0.37169755 -0.31596372  0.0826521  -0.31407368  0.2866348  -0.2831559
  0.25544983 -0.30007732  0.3390003  -0.30616233]"
328,SpeedBuster,285,"[ 0.3675409  -0.31294894  0.28163943 -0.38881585 -0.32637796  0.3332774
  0.20826347 -0.0866539  -0.24341346 -0.30489656]"
393,VendorShitList,328,"[-0.30596986 -0.38135839 -0.3760349  -0.07650749 -0.24546346 -0.2869653
 -0.30578586 -0.324621    0.3165735  -0.25050414]"
169,VendorReviews,327,"[-0.30205706 -0.36479327  0.3707684  -0.37718797  0.273397    0.34210035
  0.3829619  -0.13548587 -0.24599954 -0.31280768]"
306,TheFamilyGuy,303,"[-0.19442251 -0.3868455   0.3539038   0.28114146  0.3626231  -0.38241693
  0.26716283  0.3304598  -0.38696942  0.29252717]"
329,CanadaHQ,38,"[ 0.13914256  0.28199512  0.00566019 -0.36860985 -0.32809123 -0.3784173
  0.37094948 -0.35804093 -0.30411294  0.39499587]"
394,CannaCreations,39,"[-0.3298341   0.25879383  0.20015307  0.26245773  0.36776972  0.37877312
 -0.23028103  0.3354947   0.00999978 -0.33897588]"
